Date,MSCI World
12/1969,10000
01/1970,9445.500000000002
02/1970,9740.5
03/1970,9770.8
04/1970,8857.8
05/1970,8299
06/1970,8094.6
07/1970,8596.5
08/1970,8879.900000000001
09/1970,9166.7
10/1970,9031.4
11/1970,9233.7
12/1970,9691.499999999998
01/1971,10136.9
02/1971,10243.8
03/1971,10693.3
04/1971,11042.900000000001
05/1971,10781.4
06/1971,10890.9
07/1971,10716.8
08/1971,10950.7
09/1971,10846.6
10/1971,10435.1
11/1971,10523.3
12/1971,11471.200000000003
01/1972,11891.1
02/1972,12347.3
03/1972,12518.700000000003
04/1972,12684.8
05/1972,12943.199999999997
06/1972,12642.8
07/1972,12838.1
08/1972,13202.8
09/1972,13001.9
10/1972,13109.4
11/1972,13797.5
12/1972,14050.299999999997
01/1973,14082.6
02/1973,14179.9
03/1973,14199.700000000003
04/1973,13484.200000000003
05/1973,13444
06/1973,13528.5
07/1973,13851
08/1973,13274.3
09/1973,13658.4
10/1973,13796.2
11/1973,12007.3
12/1973,11908.6
01/1974,11999.9
02/1974,12186.6
03/1974,11878
04/1974,11680.1
05/1974,11209.8
06/1974,10857.4
07/1974,10214.4
08/1974,9228.7
09/1974,8368.000000000002
10/1974,9168.9
11/1974,9025.7
12/1974,8875.8
01/1975,10170.099999999999
02/1975,11068.3
03/1975,11149.400000000001
04/1975,11611.2
05/1975,11885.8
06/1975,12035.6
07/1975,11370.6
08/1975,11194.5
09/1975,10725.1
10/1975,11463.9
11/1975,11777.4
12/1975,11787.5
01/1976,12840.799999999997
02/1976,12745.8
03/1976,12896.100000000002
04/1976,12802.099999999999
05/1976,12588.8
06/1976,12976.2
07/1976,12854.8
08/1976,12825.6
09/1976,12933.3
10/1976,12480.8
11/1976,12431.8
12/1976,13366.7
01/1977,12918
02/1977,12861.3
03/1977,12780.900000000001
04/1977,12920.6
05/1977,12745.1
06/1977,13224.9
07/1977,13047.6
08/1977,13095.8
09/1977,13258.9
10/1977,13032.400000000001
11/1977,13195.7
12/1977,13457.5
01/1978,13061.600000000002
02/1978,12961.2
03/1978,13547.5
04/1978,14155.6
05/1978,14333.1
06/1978,14475
07/1978,15518.1
08/1978,15873.7
09/1978,16056.1
10/1978,15743.199999999997
11/1978,15185.9
12/1978,15680.5
01/1979,16081.1
02/1979,15772
03/1979,16431.800000000003
04/1979,16406.7
05/1979,16121.5
06/1979,16586.1
07/1979,16709.4
08/1979,17378.7
09/1979,17767.5
10/1979,16444
11/1979,16947.4
12/1979,17398
01/1980,18443.5
02/1980,18450.300000000003
03/1980,16462.9
04/1980,17538.3
05/1980,18399.2
06/1980,19278.1
07/1980,19867.2
08/1980,20252.1
09/1980,20857.1
10/1980,21461.4
11/1980,22355.6
12/1980,21864.400000000005
01/1981,21225
02/1981,21283.8
03/1981,22037.5
04/1981,22045.2
05/1981,21611.9
06/1981,21571.7
07/1981,21204.3
08/1981,20783.8
09/1981,19218.6
10/1981,19804.400000000005
11/1981,21273.1
12/1981,20818.1
01/1982,20508.7
02/1982,19263.399999999998
03/1982,18734.1
04/1982,19650.2
05/1982,19151.3
06/1982,18282.6
07/1982,18043.9
08/1982,19349.100000000002
09/1982,19435.1
10/1982,20766.399999999998
11/1982,21862.1
12/1982,22839.2
01/1983,23322.3
02/1983,23807.4
03/1983,24640.700000000004
04/1983,26395.299999999996
05/1983,26132.3
06/1983,26948.4
07/1983,26463.4
08/1983,26601.2
09/1983,27135.4
10/1983,26811.900000000005
11/1983,27500.099999999995
12/1983,27847.4
01/1984,28073.899999999994
02/1984,27606.2
03/1984,28900.599999999995
04/1984,28790.9
05/1984,26628.4
06/1984,26854
07/1984,25905
08/1984,28499.8
09/1984,28386.8
10/1984,28684.7
11/1984,28571.7
12/1984,29161.3
01/1985,30763.600000000006
02/1985,30816.1
03/1985,31877.9
04/1985,31782.4
05/1985,33407.6
06/1985,33995.299999999996
07/1985,34688.2
08/1985,34963.9
09/1985,35216.2
10/1985,37102.4
11/1985,39166.8
12/1985,40990.49999999999
01/1986,41586.8
02/1986,45323.4
03/1986,49741.6
04/1986,51097
05/1986,50936.8
06/1986,52967.4
07/1986,53379.5
08/1986,58029.9
09/1986,55709.40000000001
10/1986,54738
11/1986,57039.20000000002
12/1986,58161.30000000001
01/1987,64978
02/1987,67104.6
03/1987,71243.8
04/1987,75404.9
05/1987,75492.9
06/1987,75432.00000000001
07/1987,76921.8
08/1987,81451
09/1987,80014.9
10/1987,66410.6
11/1987,64775.9
12/1987,67562.4
01/1988,69191.3
02/1988,73187
03/1988,75377
04/1988,76307.6
05/1988,74762.4
06/1988,74638.7
07/1988,76022.1
08/1988,71825.3
09/1988,74852
10/1988,79813.2
11/1988,82570.6
12/1988,83295.6
01/1989,86287.99999999999
02/1989,85723.59999999998
03/1989,85151.7
04/1989,87094.2
05/1989,84936.5
06/1989,83955.5
07/1989,93419.4
08/1989,91135.7
09/1989,93685.6
10/1989,90537.7
11/1989,94128.2
12/1989,97129.7
01/1990,92569.5
02/1990,88575.1
03/1990,83200.6
04/1990,81975.4
05/1990,90581.6
06/1990,89909.6
07/1990,90701.8
08/1990,82184.40000000002
09/1990,73490.5
10/1990,80322.7
11/1990,78975.20000000001
12/1990,80600.40000000001
01/1991,83519.50000000001
02/1991,91222.4
03/1991,88505.9
04/1991,89170.39999999998
05/1991,91163.5
06/1991,85508.1
07/1991,89518.9
08/1991,89206.8
09/1991,91518.5
10/1991,92974.7
11/1991,88895
12/1991,95337.6
01/1992,93544.5
02/1992,91902.4
03/1992,87545
04/1992,88736.8
05/1992,92238.2
06/1992,89119.7
07/1992,89318.1
08/1992,91460.7
09/1992,90592.9
10/1992,88110
11/1992,89658.6
12/1992,90355
01/1993,90630.1
02/1993,92749.9
03/1993,98100.00000000001
04/1993,102619.5
05/1993,104957.3
06/1993,104049.8
07/1993,106166.4
08/1993,111006.7
09/1993,108929.2
10/1993,111904.7
11/1993,105548.2
12/1993,110687.10000000002
01/1994,117961.7
02/1994,116409.09999999998
03/1994,111364.4
04/1994,114780.9
05/1994,115050.2
06/1994,114704.40000000002
07/1994,116858.8
08/1994,120351.39999999998
09/1994,117162.6
10/1994,120468.4
11/1994,115216.90000000002
12/1994,116305.6
01/1995,114531.9
02/1995,116173.8
03/1995,121745.1
04/1995,125959.8
05/1995,127008.8
06/1995,126941.2
07/1995,133264.00000000003
08/1995,130266.4
09/1995,134032.4
10/1995,131893.3
11/1995,136444.1
12/1995,140404.50000000003
01/1996,142915.4
02/1996,143756.4
03/1996,146118.80000000002
04/1996,149524.7
05/1996,149624
06/1996,150350.60000000003
07/1996,145006.9
08/1996,146643.5
09/1996,152354.69999999998
10/1996,153388.1
11/1996,161953.5
12/1996,159329.40000000002
01/1997,161219.69999999998
02/1997,163043.80000000002
03/1997,159788.3
04/1997,164980.9
05/1997,175134
06/1997,183838.8
07/1997,192275.80000000005
08/1997,179383.2
09/1997,189098.3
10/1997,179115.3
11/1997,182254.4
12/1997,184445.1
01/1998,189554.6
02/1998,202346.2
03/1998,210859.49999999997
04/1998,212888.4
05/1998,210188.6
06/1998,215145
07/1998,214767.9
08/1998,186095.8
09/1998,189355.09999999998
10/1998,206440.29999999996
11/1998,218684.8
12/1998,229335.4
01/1999,234323.8
02/1999,228057.2
03/1999,237519.30000000005
04/1999,246849.3
05/1999,237795.9
06/1999,248853.69999999995
07/1999,248073.6
08/1999,247598.9
09/1999,245164.39999999997
10/1999,257874.4
11/1999,265095.6
12/1999,286519.9
01/2000,270079
02/2000,270775
03/2000,289457
04/2000,277184.9
05/2000,270134.4
06/2000,279196.9
07/2000,271303.8
08/2000,280095.3
09/2000,265169
10/2000,260693.6
11/2000,244833.4
12/2000,248761.3
01/2001,253551.6
02/2001,232095.4
03/2001,216811.70000000004
04/2001,232793.8
05/2001,229760.3
06/2001,222529.3
07/2001,219554.9
08/2001,208984.1
09/2001,190541.4
10/2001,194179.8
11/2001,205638
12/2001,206909.9
01/2002,200620.4
02/2002,198855.9
03/2002,207615.50000000003
04/2002,200558.70000000004
05/2002,200893.09999999998
06/2002,188669.4
07/2002,172749.9
08/2002,173044.9
09/2002,153992.6
10/2002,165339.4
11/2002,174228.7
12/2002,165763.6
01/2003,160712.1
02/2003,157899.4
03/2003,157378.2
04/2003,171324.8
05/2003,181078.99999999997
06/2003,184190.1
07/2003,187908.9
08/2003,191945.59999999998
09/2003,193100.8
10/2003,204540.5
11/2003,207632
12/2003,220642.29999999996
01/2004,224182.70000000004
02/2004,227936.70000000004
03/2004,226424.20000000004
04/2004,221786.70000000004
05/2004,223807.4
06/2004,228401.89999999997
07/2004,220944.6
08/2004,221915.7
09/2004,226113.8
10/2004,231646.9
11/2004,243815.6
12/2004,253122.8
01/2005,247423.9
02/2005,255261.8
03/2005,250306.80000000005
04/2005,244852.79999999996
05/2005,249203.2
06/2005,251359.49999999997
07/2005,260139.9
08/2005,262100.10000000006
09/2005,268907.8
10/2005,262383.80000000005
11/2005,271126.3
12/2005,277133.00000000006
01/2006,289507.9
02/2006,289076.9
03/2006,295433.4
04/2006,304403.00000000006
05/2006,294004.9
06/2006,293918.7
07/2006,295753.00000000006
08/2006,303429.9
09/2006,307047.9
10/2006,318317.4
11/2006,326112.4
12/2006,332742.60000000003
01/2007,336670.7
02/2007,334918.8
03/2007,341049.6
04/2007,356090.5
05/2007,366068
06/2007,363244.4
07/2007,355199.8
08/2007,354930.4
09/2007,371809.2
10/2007,383213.2
11/2007,367549.1
12/2007,362807.2
01/2008,335081.69999999995
02/2008,333142.3
03/2008,329949.1
04/2008,347290.5
05/2008,352586.1
06/2008,324464.9
07/2008,316536.8
08/2008,312090.50000000006
09/2008,274971.1
10/2008,222836.3
11/2008,208412.39999999997
12/2008,215098.99999999997
01/2009,196255.1
02/2009,176166.6
03/2009,189451.1
04/2009,210703.6
05/2009,229794.6
06/2009,228757.9
07/2009,248133
08/2009,258369.7
09/2009,268667.9
10/2009,263888
11/2009,274671.2
12/2009,279603.5
01/2010,268047.2
02/2010,271825.8
03/2010,288660.1
04/2010,288700.60000000003
05/2010,261046.5
06/2010,252096.2
07/2010,272534.4
08/2010,262359.3
09/2010,286823.2
10/2010,297514.7
11/2010,291091.49999999994
12/2010,312494.1
01/2011,319553.89999999997
02/2011,330742.4
03/2011,327480.69999999995
04/2011,341392.9
05/2011,334310.60000000003
06/2011,329021.9
07/2011,323056
08/2011,300294.4
09/2011,274357.8
10/2011,302736.50000000006
11/2011,295345
12/2011,295180.9
01/2012,309994
02/2012,325136.8
03/2012,329316.9
04/2012,325577.2
05/2012,297472.1
06/2012,312629.9
07/2012,316648.89999999997
08/2012,324676.5
09/2012,333596.5
10/2012,331342.2
11/2012,335585
12/2012,341896.1
01/2013,359312.1
02/2013,359905.4
03/2013,368335.6
04/2013,379934.8
05/2013,380078.29999999993
06/2013,370713
07/2013,390229.5
08/2013,381923.50000000006
09/2013,401024.5
10/2013,416722
11/2013,424127.8
12/2013,433102.2
01/2014,417060.8
02/2014,437939.3
03/2014,438573.1
04/2014,443067.1
05/2014,451784.4
06/2014,459866.4
07/2014,452527.3
08/2014,462498.8
09/2014,449946.1
10/2014,452856.8
11/2014,461932.3999999999
12/2014,454483.70000000007
01/2015,446248.6
02/2015,472393.7
03/2015,464999.1
04/2015,475904.49999999994
05/2015,477543.9
06/2015,466439.9
07/2015,474812.50000000006
08/2015,443392
09/2015,427037.70000000007
10/2015,460878
11/2015,458584.8
12/2015,450524.1
01/2016,423571.8
02/2016,420419.4000000001
03/2016,448948.6
04/2016,456052.6
05/2016,458614
06/2016,453475.1
07/2016,472633.70000000007
08/2016,473026.5
09/2016,475539.2
10/2016,466336.1
11/2016,473041.6
12/2016,484360.7
01/2017,496050.8
02/2017,509813
03/2017,515243.50000000006
04/2017,522872.6
05/2017,533933.7000000001
06/2017,535988
07/2017,548815.5
08/2017,549588.3
09/2017,561923.4
10/2017,572542.9
11/2017,584948.5
12/2017,592859.1
01/2018,624162.1
02/2018,598304.6999999998
03/2018,585263.8
04/2018,591989.1
05/2018,595698.8000000002
06/2018,595414.6
07/2018,614011.4999999999
08/2018,621608.6
09/2018,625069.8
10/2018,579172.3
11/2018,585751.6
12/2018,541212.2
01/2019,583321.7
02/2019,600862.1
03/2019,608754.1
04/2019,630340.1
05/2019,593968.9
06/2019,633108.4
07/2019,636244.4
08/2019,623230.3
09/2019,636493.3
10/2019,652690.4
11/2019,670868
12/2019,690966
01/2020,686760.3
02/2020,628711.7
03/2020,545506.3
04/2020,605099.7
05/2020,634331.0000000001
06/2020,651109.7
07/2020,682259.7
08/2020,727844.4
09/2020,702734.4
10/2020,681178
11/2020,768274.5000000001
12/2020,800846.8
01/2021,792887.5
02/2021,813204.7
03/2021,840261.7
04/2021,879367.6
05/2021,892035.2999999998
06/2021,905330.9
07/2021,921548
08/2021,944483.8
09/2021,905268.3000000002
10/2021,956543.2
11/2021,935582.5
12/2021,975569.4
01/2022,923951.2
02/2022,900583.3
03/2022,925298.4
04/2022,848430.7
05/2022,849073.3
06/2022,775524.9
07/2022,837098.6999999998
08/2022,802101.4
09/2022,727538.2
10/2022,779784.8
11/2022,834003.6
12/2022,798585.7
01/2023,855090.5
02/2023,834535.4
03/2023,860322.3
04/2023,875403.3
05/2023,866663.8000000002
06/2023,919077.7
07/2023,949952.1
08/2023,927261.8
09/2023,887261.1999999997
10/2023,861516.6
11/2023,942285.6
12/2023,988546.4
01/2024,1000409.3999999999
02/2024,1042824.4
03/2024,1076335.4
04/2024,1036355.2
05/2024,1082630.6
06/2024,1104659.8
07/2024,1124126.6
08/2024,1153837.8
09/2024,1174969.1
10/2024,1151661.4
11/2024,1204507.2
12/2024,1173117
01/2025,1214514.7000000002
02/2025,1205773.6
03/2025,1152091.9
04/2025,1162330.6
05/2025,1231131.0999999999
06/2025,1284258.1
07/2025,1300789.9
08/2025,1334721.6
09/2025,1377627.4
10/2025,1405214.8
11/2025,1409184.2
12/2025,1420575.2
01/2026,1452366.3
02/2026,1463005
03/2026,1369818.9000000004
04/2026,1501209.8
05/2026,1569546.5